{"stat.chestOpened":10,"stat.useItem.minecraft.lapis_block":49,"stat.walkOneCm":540520,"stat.useItem.minecraft.torch":1,"stat.killEntity.EntityHorse":2,"stat.playerKills":10,"stat.useItem.minecraft.chest":4,"stat.useItem.minecraft.lever":1,"stat.leaveGame":2,"stat.mineBlock.minecraft.cobblestone":1,"stat.useItem.minecraft.tnt":11,"stat.entityKilledBy.Witch":1,"stat.useItem.minecraft.skull":2,"stat.useItem.minecraft.armor_stand":5,"stat.useItem.minecraft.carpet":1,"stat.talkedToVillager":6,"stat.useItem.minecraft.potion":2,"stat.useItem.minecraft.cooked_fish":2,"stat.jump":974,"stat.swimOneCm":2143,"stat.mineBlock.minecraft.diamond_block":1,"stat.fallOneCm":110089,"stat.useItem.minecraft.golden_shovel":5,"stat.entityKilledBy.Skeleton":13,"stat.entityKilledBy.PigZombie":1,"stat.crouchOneCm":12667,"stat.enderchestOpened":3,"stat.mineBlock.minecraft.chest":1,"achievement.mineWood":1,"stat.useItem.minecraft.stained_hardened_clay":2,"stat.craftItem.minecraft.chest":1,"stat.useItem.minecraft.obsidian":14,"stat.useItem.minecraft.dropper":8,"stat.useItem.minecraft.dirt":2,"stat.sprintOneCm":205927,"stat.useItem.minecraft.light_weighted_pressure_plate":3,"achievement.exploreAllBiomes":{"value":0,"progress":["Plains"]},"stat.useItem.minecraft.water_bucket":1,"stat.useItem.minecraft.cooked_chicken":1,"stat.dropperInspected":1,"stat.killEntity.Skeleton":39,"stat.mineBlock.minecraft.tnt":15,"stat.mineBlock.minecraft.iron_bars":2,"achievement.openInventory":177,"stat.mineBlock.minecraft.stonebrick":3,"stat.useItem.minecraft.egg":16,"stat.mineBlock.minecraft.fence":1,"stat.mineBlock.minecraft.glass_pane":1,"stat.damageTaken":42903,"stat.mineBlock.minecraft.prismarine":3,"stat.useItem.minecraft.stone_pressure_plate":1,"stat.useItem.minecraft.golden_pickaxe":3,"stat.mineBlock.minecraft.quartz_block":1,"stat.killEntity.Enderman":1,"stat.tradedWithVillager":1,"stat.breakItem.minecraft.leather_boots":1,"stat.mobKills":58,"stat.entityKilledBy.Creeper":2,"stat.useItem.minecraft.golden_apple":3,"stat.killEntity.CaveSpider":2,"stat.flyOneCm":367362,"stat.deaths":71,"stat.drop":15,"stat.playOneMinute":87606,"stat.entityKilledBy.Zombie":5,"stat.killEntity.Sheep":2,"stat.useItem.minecraft.enchanting_table":1,"stat.killEntity.Villager":1,"stat.damageDealt":37309,"stat.killEntity.Zombie":5,"stat.timeSinceDeath":413,"stat.killEntity.Silverfish":1,"stat.killEntity.Cow":1,"stat.killEntity.Pig":3,"stat.diveOneCm":18004}