{"stat.useItem.minecraft.string":6,"stat.useItem.minecraft.bow":90,"stat.useItem.minecraft.quartz_block":7428,"stat.killEntity.EntityHorse":124,"stat.useItem.minecraft.painting":68,"stat.leaveGame":137,"stat.killEntity.Ozelot":7,"stat.useItem.minecraft.lead":1,"stat.useItem.minecraft.glowstone":6305,"stat.killEntity.PigZombie":1,"stat.useItem.minecraft.planks":2916,"stat.useItem.minecraft.nether_brick_stairs":66,"stat.useItem.minecraft.fire_charge":9,"stat.useItem.minecraft.sandstone_stairs":12,"stat.useItem.minecraft.vine":169,"stat.useItem.minecraft.rail":237,"stat.killEntity.Enderman":4,"stat.useItem.minecraft.anvil":25,"stat.killEntity.Villager":123,"stat.useItem.minecraft.fence_gate":4,"stat.useItem.minecraft.iron_pickaxe":1,"stat.useItem.minecraft.spawn_egg":537,"stat.trappedChestTriggered":2,"stat.useItem.minecraft.oak_stairs":124,"stat.furnaceInteraction":15,"stat.mineBlock.minecraft.lapis_block":1,"stat.useItem.minecraft.minecart":14,"stat.useItem.minecraft.redstone":418,"achievement.mineWood":2,"stat.useItem.minecraft.trapdoor":37,"stat.mineBlock.minecraft.stained_hardened_clay":1,"stat.useItem.minecraft.stained_glass":450,"stat.useItem.minecraft.fence":505,"achievement.openInventory":5754,"stat.useItem.minecraft.wooden_button":143,"stat.useItem.minecraft.dye":687,"stat.deaths":30,"stat.useItem.minecraft.furnace_minecart":1,"stat.playOneMinute":9098610,"stat.useItem.minecraft.jungle_stairs":29,"stat.useItem.minecraft.nether_brick":366,"stat.chestOpened":699,"stat.useItem.minecraft.stone":11873,"stat.useItem.minecraft.jungle_fence":3409,"stat.useItem.minecraft.sponge":29,"stat.useItem.minecraft.ender_chest":23,"stat.useItem.minecraft.packed_ice":90,"stat.fallOneCm":25669,"stat.useItem.minecraft.trapped_chest":51,"stat.crouchOneCm":475048,"stat.craftItem.minecraft.chest":12,"stat.useItem.minecraft.nether_brick_fence":344,"stat.craftingTableInteraction":1,"stat.useItem.minecraft.golden_rail":273,"stat.useItem.minecraft.dark_oak_fence":187,"stat.useItem.minecraft.furnace":2,"stat.useItem.minecraft.reeds":3,"stat.useItem.minecraft.enchanting_table":1,"stat.killEntity.Rabbit":5,"stat.useItem.minecraft.wool":4257,"stat.useItem.minecraft.iron_bars":10,"stat.flowerPotted":10,"stat.useItem.minecraft.torch":625,"stat.useItem.minecraft.log":351,"stat.useItem.minecraft.comparator":12,"stat.useItem.minecraft.cobblestone":3,"stat.craftItem.minecraft.leather_boots":1,"stat.useItem.minecraft.gravel":73,"stat.killEntity.LavaSlime":1,"stat.minecartOneCm":16897,"stat.mineBlock.minecraft.emerald_ore":1,"stat.useItem.minecraft.jungle_fence_gate":4,"stat.useItem.minecraft.tallgrass":21,"stat.useItem.minecraft.glass_pane":91,"stat.useItem.minecraft.barrier":2691,"stat.useItem.minecraft.wooden_pressure_plate":17,"stat.useItem.minecraft.wooden_axe":11,"stat.useItem.minecraft.web":21,"stat.craftItem.minecraft.leather_leggings":1,"stat.useItem.minecraft.lapis_block":7,"stat.horseOneCm":29,"stat.useItem.minecraft.repeater":125,"stat.mineBlock.minecraft.cobblestone":2,"stat.useItem.minecraft.skull":82,"stat.useItem.minecraft.diamond_sword":89,"stat.swimOneCm":268957,"stat.useItem.minecraft.snow":5,"stat.climbOneCm":118921,"stat.enderchestOpened":73,"stat.useItem.minecraft.obsidian":5216,"stat.useItem.minecraft.dirt":471,"stat.useItem.minecraft.cookie":2,"stat.useItem.minecraft.mob_spawner":37,"achievement.exploreAllBiomes":{"value":0,"progress":["Beach","Jungle","Ocean","River","Plains","JungleHills","The End","Deep Ocean","Hell"]},"stat.useItem.minecraft.red_flower":1,"stat.useItem.minecraft.egg":31,"stat.useItem.minecraft.detector_rail":63,"stat.flyOneCm":52514838,"stat.timeSinceDeath":1201067,"stat.useItem.minecraft.sign":820,"stat.useItem.minecraft.melon_block":3,"stat.useItem.minecraft.wooden_slab":1807,"stat.useItem.minecraft.iron_door":27,"stat.killEntity.Bat":1,"stat.useItem.minecraft.lever":110,"stat.killEntity.Wolf":1,"stat.mineBlock.minecraft.coal_ore":1,"stat.useItem.minecraft.armor_stand":25,"stat.killEntity.Creeper":4,"stat.talkedToVillager":259,"stat.useItem.minecraft.chest_minecart":1,"stat.entityKilledBy.Skeleton":1,"stat.useItem.minecraft.golden_axe":5,"stat.useItem.minecraft.written_book":119,"stat.killEntity.Squid":1,"stat.useItem.minecraft.dropper":3,"stat.sprintOneCm":5981968,"stat.useItem.minecraft.hay_block":19,"stat.useItem.minecraft.stone_slab":176,"stat.useItem.minecraft.bed":10,"stat.useItem.minecraft.snowball":1,"stat.useItem.minecraft.stone_pressure_plate":228,"stat.useItem.minecraft.diamond_pickaxe":1,"stat.mineBlock.minecraft.quartz_block":1,"stat.killEntity.Endermite":3,"stat.useItem.minecraft.ender_eye":5,"stat.drop":648,"stat.useItem.minecraft.cake":18,"stat.useItem.minecraft.banner":98,"stat.useItem.minecraft.ladder":183,"stat.killEntity.Zombie":91,"stat.useItem.minecraft.birch_stairs":127,"stat.killEntity.Guardian":2,"stat.diveOneCm":414700,"stat.useItem.minecraft.quartz_stairs":635,"stat.useItem.minecraft.carpet":1764,"stat.useItem.minecraft.heavy_weighted_pressure_plate":95,"stat.useItem.minecraft.potion":13,"stat.useItem.minecraft.stained_glass_pane":6,"stat.useItem.minecraft.flower_pot":11,"stat.useItem.minecraft.bedrock":3901,"stat.jump":24766,"stat.useItem.minecraft.sand":106,"stat.useItem.minecraft.stone_button":245,"stat.useItem.minecraft.light_weighted_pressure_plate":35,"stat.useItem.minecraft.glass":4619,"stat.useItem.minecraft.dispenser":35,"stat.boatOneCm":6517,"stat.useItem.minecraft.sapling":78,"stat.mineBlock.minecraft.iron_bars":2,"stat.mineBlock.minecraft.lapis_ore":1,"stat.useItem.minecraft.redstone_lamp":144,"stat.damageTaken":5368,"stat.dispenserInspected":94,"stat.tradedWithVillager":12,"stat.useItem.minecraft.slime":303,"stat.killEntity.CaveSpider":2,"stat.useItem.minecraft.end_portal_frame":5,"stat.useItem.minecraft.birch_fence":267,"stat.entityKilledBy.Zombie":1,"stat.damageDealt":6543436,"stat.killEntity.Silverfish":13,"stat.killEntity.Cow":1,"stat.useItem.minecraft.crafting_table":12,"stat.killEntity.Pig":3,"stat.useItem.minecraft.command_block":821,"stat.walkOneCm":12663483,"stat.useItem.minecraft.chest":181,"stat.useItem.minecraft.tnt":142,"stat.useItem.minecraft.dark_oak_fence_gate":1,"stat.useItem.minecraft.emerald_block":22,"stat.useItem.minecraft.redstone_block":35,"stat.useItem.minecraft.item_frame":70,"stat.useItem.minecraft.birch_fence_gate":10,"stat.useItem.minecraft.stained_hardened_clay":3599,"stat.useItem.minecraft.leaves":443,"stat.useItem.minecraft.redstone_ore":131,"stat.useItem.minecraft.netherrack":83,"stat.killEntity.Skeleton":100,"stat.useItem.minecraft.tripwire_hook":1,"stat.mineBlock.minecraft.stonebrick":1,"stat.killEntity.Chicken":5,"stat.killEntity.Spider":1,"stat.mobKills":533,"stat.useItem.minecraft.boat":2,"stat.useItem.minecraft.writable_book":1,"stat.entityKilledBy.Silverfish":1,"stat.mineBlock.minecraft.redstone_ore":1,"stat.mineBlock.minecraft.stone":32,"stat.useItem.minecraft.sandstone":60}